Name,Experience,Specialty
Dr. H.S. Chhabra,20,Orthopedist
Dr. Amar Singhal,15,Cardiologist
Dr. Gaurav Gupta,18,Cardiologist
Dr. Suneel Kumar,22,Orthopedist
Dr. Palash Gupta,25,Orthopedist
Dr. Rajesh Aggarwal,12,Allergist_Immunologist
Dr. Sudhish Sehra,16,Allergist_Immunologist
Dr. Rajul Aggarwal,10,Neurologist
Dr. Animesh Arya,14,Neurologist
Dr. Nikhil Gupta,19,Gastroenterologist
Dr. Subhash Aggarwal,17,Gastroenterologist
Dr. Atul Goswami,21,Urologist
Dr. Monika Jain,13,Gastroenterologist
Dr. G.S. Lamba,11,Gastroenterologist
Dr. Shishir Agrawal,23,Dermatologist
Dr. Nitin Aggarwal,24,Cardiologist
Dr. Atul Kumar Garg,18,Orthopedist
Dr. Samir Khanna,16,Urologist
Dr. Sandhya Koche,20,Neurologist
Dr. Sandeep Kumar Gupta,14,Gastroenterologist
Dr. Sumit Kumar,22,Orthopedist
Dr. Arvind K. Agarwal,15,Allergist_Immunologist
Dr. Virender Singh,19,ENT_specialist
Dr. Poonam Agarwal,17,ENT_specialist
Dr. Gyandeep Mangal,12,Allergist_Immunologist
Dr. Avinash Bansal,14,Cardiologist
Dr. Blessy Sehgal,11,Nephrologist
Dr. Prashant Kumar Chaudhary,20,Neurologist
Dr. Pradeep Agarwal,16,Nephrologist
Dr. Manisha Arora,18,Allergist_Immunologist
Dr. Renu Gupta,22,ENT_specialist
Dr. Ashish Sahani,13,Allergist_Immunologist
Dr. Vijay Singhal,15,Dermatologist
Dr. Sanjay Parmar,17,Cardiologist
Dr. Yogesh Kumar,19,Orthopedist
Dr. Prakash Khatri,21,Neurologist
Dr. Arindam Mukherjee,14,Orthopedist
Dr. Rajiv Kumar Bansal,16,Orthopedist
Dr. Deepak Gupta,18,Dermatologist
Dr. Meenakshi Bansal,20,ENT_specialist
Dr. Ankit Singhal,12,Allergist_Immunologist
Dr. R.K. Saxena,23,Urologist
Dr. Narander Kumar,25,Allergist_Immunologist
Dr. S Renubala,11,Allergist_Immunologist
Dr. Virender Kumar,13,Neurologist
Dr. Ritesh Dang,15,Orthopedist
Dr. Govind Vallabh Joshi,17,Orthopedist
Dr. Amar Sarin,19,Orthopedist
Dr. Nishant Ranjan,22,Cardiologist
Dr. Anup Arora,14,Cardiologist
Dr. Prabhat Kumar Choudhary,16,Cardiologist
Dr. Manish Arora,18,Orthopedist
Dr. Gaurav Kumar,20,Orthopedist
Dr. Umesh Nautiyal,12,Nephrologist
Dr. Gurdhian Singh,15,Urologist
Dr. Balbir Singh Sodhi,17,Neurologist
Dr. Uma Perumal,19,Gastroenterologist
Dr. Sawan Bopanna,21,Gastroenterologist
Dr. Rafiq,14,Gastroenterologist
Dr. Anuj Mundra,16,Orthopedist
Dr. Sachin Sharma,18,Orthopedist
Dr. Ashwin Garg,20,Dermatologist
Dr. Himanshu Jangid,22,Allergist_Immunologist
Dr. Vandana Makarand Joshi,13,Neurologist
Dr. Utpal,15,Allergist_Immunologist
Dr. Parmod Kumar,17,Allergist_Immunologist
Dr. Rajnish Kumar Singh,19,Allergist_Immunologist
Dr. Ashish Sikarwar,21,Allergist_Immunologist
Dr. Anuradha Garg,14,Allergist_Immunologist
Dr. Viju V. Thomas (PT),16,Physical Therapist
Priya Paliwal,18,Dietitian
Dr. Gaurav Malhotra,20,Radiologist
Dr. Shyam Bihari Gandhi,22,Radiologist
Dr. Neeta Pant,12,Radiologist
Dr. Rajika Jain,14,Radiologist
Dr. Ellora Borthakur Kaushik,16,Radiologist
Dr. Monika Garg,18,Radiologist
Dr. Ashok Solanki,20,Radiologist
Dr. Sunita Rai,22,Pathologist
Dr. Jyoti Mutta,19,Pathologist
Dr. Dinesh Kumar Yadav,17,Pathologist
Dr. Chhaya Gupta,15,Pathologist
Dr. Nishit Gupta,13,Pathologist
Dr. Urvashi Tiwari,11,Pathologist
Dr. Ruchika Sodhi,18,Pathologist
Dr. Neeraj Jain,20,Pain Specialist
Dr. G.N.Goyal,22,Pain Specialist
Dr. Sadhana Mangwana,14,Hematologist
Dr. Vidushi Gupta,16,Hematologist
Dr. Rajiv Pahwa,18,Neurologist
